Rainfall - (MM), Year, Statistics, Country, ISO3
39.1881, 1901, Jan Average, United States, USA
40.6421, 1901, Feb Average, United States, USA
46.521, 1901, Mar Average, United States, USA
50.2258, 1901, Apr Average, United States, USA
53.4599, 1901, May Average, United States, USA
59.6511, 1901, Jun Average, United States, USA
56.1925, 1901, Jul Average, United States, USA
66.0832, 1901, Aug Average, United States, USA
58.5535, 1901, Sep Average, United States, USA
37.158, 1901, Oct Average, United States, USA
32.1289, 1901, Nov Average, United States, USA
54.6735, 1901, Dec Average, United States, USA
31.4142, 1902, Jan Average, United States, USA
48.512, 1902, Feb Average, United States, USA
56.6169, 1902, Mar Average, United States, USA
37.2527, 1902, Apr Average, United States, USA
62.3732, 1902, May Average, United States, USA
64.1275, 1902, Jun Average, United States, USA
68.6921, 1902, Jul Average, United States, USA
58.8014, 1902, Aug Average, United States, USA
62.4153, 1902, Sep Average, United States, USA
43.4886, 1902, Oct Average, United States, USA
57.6307, 1902, Nov Average, United States, USA
57.9031, 1902, Dec Average, United States, USA
45.2866, 1903, Jan Average, United States, USA
58.797, 1903, Feb Average, United States, USA
57.5196, 1903, Mar Average, United States, USA
40.0604, 1903, Apr Average, United States, USA
57.709, 1903, May Average, United States, USA
59.2683, 1903, Jun Average, United States, USA
66.8185, 1903, Jul Average, United States, USA
70.4237, 1903, Aug Average, United States, USA
48.8109, 1903, Sep Average, United States, USA
39.9557, 1903, Oct Average, United States, USA
35.0112, 1903, Nov Average, United States, USA
32.5625, 1903, Dec Average, United States, USA
37.6236, 1904, Jan Average, United States, USA
44.565, 1904, Feb Average, United States, USA
57.2126, 1904, Mar Average, United States, USA
41.0307, 1904, Apr Average, United States, USA
50.4875, 1904, May Average, United States, USA
61.8804, 1904, Jun Average, United States, USA
65.4532, 1904, Jul Average, United States, USA
66.0304, 1904, Aug Average, United States, USA
51.5673, 1904, Sep Average, United States, USA
36.335, 1904, Oct Average, United States, USA
22.9347, 1904, Nov Average, United States, USA
44.0248, 1904, Dec Average, United States, USA
42.893, 1905, Jan Average, United States, USA
45.0283, 1905, Feb Average, United States, USA
53.5014, 1905, Mar Average, United States, USA
51.7769, 1905, Apr Average, United States, USA
74.5939, 1905, May Average, United States, USA
71.3002, 1905, Jun Average, United States, USA
83.6201, 1905, Jul Average, United States, USA
64.106, 1905, Aug Average, United States, USA
55.1917, 1905, Sep Average, United States, USA
46.0876, 1905, Oct Average, United States, USA
46.527, 1905, Nov Average, United States, USA
45.8578, 1905, Dec Average, United States, USA
51.1358, 1906, Jan Average, United States, USA
34.1946, 1906, Feb Average, United States, USA
61.2456, 1906, Mar Average, United States, USA
41.3222, 1906, Apr Average, United States, USA
62.1801, 1906, May Average, United States, USA
66.0281, 1906, Jun Average, United States, USA
76.1562, 1906, Jul Average, United States, USA
74.8908, 1906, Aug Average, United States, USA
58.0604, 1906, Sep Average, United States, USA
44.7358, 1906, Oct Average, United States, USA
50.8324, 1906, Nov Average, United States, USA
57.9605, 1906, Dec Average, United States, USA
53.6949, 1907, Jan Average, United States, USA
37.2543, 1907, Feb Average, United States, USA
45.3189, 1907, Mar Average, United States, USA
42.6572, 1907, Apr Average, United States, USA
64.1261, 1907, May Average, United States, USA
67.9051, 1907, Jun Average, United States, USA
68.1992, 1907, Jul Average, United States, USA
62.0804, 1907, Aug Average, United States, USA
65.1493, 1907, Sep Average, United States, USA
45.8804, 1907, Oct Average, United States, USA
44.4519, 1907, Nov Average, United States, USA
52.5112, 1907, Dec Average, United States, USA
37.3857, 1908, Jan Average, United States, USA
54.9403, 1908, Feb Average, United States, USA
46.3174, 1908, Mar Average, United States, USA
50.8801, 1908, Apr Average, United States, USA
81.1318, 1908, May Average, United States, USA
62.4081, 1908, Jun Average, United States, USA
64.6066, 1908, Jul Average, United States, USA
64.6629, 1908, Aug Average, United States, USA
45.1113, 1908, Sep Average, United States, USA
43.5209, 1908, Oct Average, United States, USA
36.0252, 1908, Nov Average, United States, USA
37.9364, 1908, Dec Average, United States, USA
49.8218, 1909, Jan Average, United States, USA
54.2596, 1909, Feb Average, United States, USA
45.3788, 1909, Mar Average, United States, USA
46.5893, 1909, Apr Average, United States, USA
61.6278, 1909, May Average, United States, USA
70.5566, 1909, Jun Average, United States, USA
67.2044, 1909, Jul Average, United States, USA
56.8638, 1909, Aug Average, United States, USA
51.6833, 1909, Sep Average, United States, USA
34.9043, 1909, Oct Average, United States, USA
53.9052, 1909, Nov Average, United States, USA
53.1049, 1909, Dec Average, United States, USA
45.5917, 1910, Jan Average, United States, USA
40.3721, 1910, Feb Average, United States, USA
22.2771, 1910, Mar Average, United States, USA
42.2932, 1910, Apr Average, United States, USA
53.5152, 1910, May Average, United States, USA
55.0697, 1910, Jun Average, United States, USA
58.19, 1910, Jul Average, United States, USA
54.0478, 1910, Aug Average, United States, USA
51.8686, 1910, Sep Average, United States, USA
43.8918, 1910, Oct Average, United States, USA
34.6605, 1910, Nov Average, United States, USA
36.756, 1910, Dec Average, United States, USA
47.793, 1911, Jan Average, United States, USA
45.1741, 1911, Feb Average, United States, USA
36.4169, 1911, Mar Average, United States, USA
55.2055, 1911, Apr Average, United States, USA
44.3626, 1911, May Average, United States, USA
47.6672, 1911, Jun Average, United States, USA
63.2736, 1911, Jul Average, United States, USA
67.9417, 1911, Aug Average, United States, USA
59.5199, 1911, Sep Average, United States, USA
52.4036, 1911, Oct Average, United States, USA
42.293, 1911, Nov Average, United States, USA
60.5608, 1911, Dec Average, United States, USA
38.6804, 1912, Jan Average, United States, USA
38.9765, 1912, Feb Average, United States, USA
68.06, 1912, Mar Average, United States, USA
62.37, 1912, Apr Average, United States, USA
63.9099, 1912, May Average, United States, USA
58.9308, 1912, Jun Average, United States, USA
69.4801, 1912, Jul Average, United States, USA
75.7366, 1912, Aug Average, United States, USA
60.0745, 1912, Sep Average, United States, USA
47.3888, 1912, Oct Average, United States, USA
31.2157, 1912, Nov Average, United States, USA
45.0227, 1912, Dec Average, United States, USA
54.4886, 1913, Jan Average, United States, USA
39.6806, 1913, Feb Average, United States, USA
57.6668, 1913, Mar Average, United States, USA
40.1202, 1913, Apr Average, United States, USA
53.0137, 1913, May Average, United States, USA
53.5058, 1913, Jun Average, United States, USA
61.5353, 1913, Jul Average, United States, USA
50.1062, 1913, Aug Average, United States, USA
63.729, 1913, Sep Average, United States, USA
55.6458, 1913, Oct Average, United States, USA
49.2236, 1913, Nov Average, United States, USA
46.9004, 1913, Dec Average, United States, USA
47.0774, 1914, Jan Average, United States, USA
41.806, 1914, Feb Average, United States, USA
40.133, 1914, Mar Average, United States, USA
54.7459, 1914, Apr Average, United States, USA
50.6132, 1914, May Average, United States, USA
65.6337, 1914, Jun Average, United States, USA
58.6234, 1914, Jul Average, United States, USA
71.4211, 1914, Aug Average, United States, USA
48.065, 1914, Sep Average, United States, USA
51.6256, 1914, Oct Average, United States, USA
32.5838, 1914, Nov Average, United States, USA
54.0479, 1914, Dec Average, United States, USA
54.3714, 1915, Jan Average, United States, USA
54.4408, 1915, Feb Average, United States, USA
33.105, 1915, Mar Average, United States, USA
46.1977, 1915, Apr Average, United States, USA
74.096, 1915, May Average, United States, USA
70.6631, 1915, Jun Average, United States, USA
75.1884, 1915, Jul Average, United States, USA
76.1775, 1915, Aug Average, United States, USA
68.0484, 1915, Sep Average, United States, USA
40.2743, 1915, Oct Average, United States, USA
46.2509, 1915, Nov Average, United States, USA
54.0143, 1915, Dec Average, United States, USA
68.9531, 1916, Jan Average, United States, USA
37.2198, 1916, Feb Average, United States, USA
41.0026, 1916, Mar Average, United States, USA
42.003, 1916, Apr Average, United States, USA
62.4165, 1916, May Average, United States, USA
72.2871, 1916, Jun Average, United States, USA
66.162, 1916, Jul Average, United States, USA
64.2445, 1916, Aug Average, United States, USA
50.8861, 1916, Sep Average, United States, USA
50.9934, 1916, Oct Average, United States, USA
33.8491, 1916, Nov Average, United States, USA
45.6039, 1916, Dec Average, United States, USA
44.7502, 1917, Jan Average, United States, USA
37.5423, 1917, Feb Average, United States, USA
47.3851, 1917, Mar Average, United States, USA
50.0471, 1917, Apr Average, United States, USA
53.0391, 1917, May Average, United States, USA
57.7959, 1917, Jun Average, United States, USA
67.1693, 1917, Jul Average, United States, USA
58.2713, 1917, Aug Average, United States, USA
50.4738, 1917, Sep Average, United States, USA
34.2335, 1917, Oct Average, United States, USA
23.7927, 1917, Nov Average, United States, USA
30.6391, 1917, Dec Average, United States, USA
47.9134, 1918, Jan Average, United States, USA
37.9588, 1918, Feb Average, United States, USA
40.9695, 1918, Mar Average, United States, USA
56.8605, 1918, Apr Average, United States, USA
55.3822, 1918, May Average, United States, USA
50.5256, 1918, Jun Average, United States, USA
55.1046, 1918, Jul Average, United States, USA
63.6896, 1918, Aug Average, United States, USA
57.3256, 1918, Sep Average, United States, USA
59.558, 1918, Oct Average, United States, USA
47.033, 1918, Nov Average, United States, USA
56.2582, 1918, Dec Average, United States, USA
38.3403, 1919, Jan Average, United States, USA
48.6054, 1919, Feb Average, United States, USA
49.886, 1919, Mar Average, United States, USA
46.3446, 1919, Apr Average, United States, USA
64.9757, 1919, May Average, United States, USA
63.4123, 1919, Jun Average, United States, USA
73.9551, 1919, Jul Average, United States, USA
58.2664, 1919, Aug Average, United States, USA
55.9754, 1919, Sep Average, United States, USA
72.4522, 1919, Oct Average, United States, USA
57.4823, 1919, Nov Average, United States, USA
41.3284, 1919, Dec Average, United States, USA
43.6227, 1920, Jan Average, United States, USA
36.4382, 1920, Feb Average, United States, USA
54.9017, 1920, Mar Average, United States, USA
61.9906, 1920, Apr Average, United States, USA
54.3623, 1920, May Average, United States, USA
61.2668, 1920, Jun Average, United States, USA
60.8462, 1920, Jul Average, United States, USA
77.0974, 1920, Aug Average, United States, USA
53.0775, 1920, Sep Average, United States, USA
46.7427, 1920, Oct Average, United States, USA
46.2712, 1920, Nov Average, United States, USA
54.1207, 1920, Dec Average, United States, USA
43.5763, 1921, Jan Average, United States, USA
37.1138, 1921, Feb Average, United States, USA
53.5896, 1921, Mar Average, United States, USA
53.2399, 1921, Apr Average, United States, USA
53.4121, 1921, May Average, United States, USA
59.7511, 1921, Jun Average, United States, USA
63.9924, 1921, Jul Average, United States, USA
63.5307, 1921, Aug Average, United States, USA
57.4191, 1921, Sep Average, United States, USA
36.9005, 1921, Oct Average, United States, USA
45.6945, 1921, Nov Average, United States, USA
48.0173, 1921, Dec Average, United States, USA
42.4028, 1922, Jan Average, United States, USA
47.9456, 1922, Feb Average, United States, USA
65.7785, 1922, Mar Average, United States, USA
60.3175, 1922, Apr Average, United States, USA
60.6271, 1922, May Average, United States, USA
57.9604, 1922, Jun Average, United States, USA
81.9974, 1922, Jul Average, United States, USA
55.1524, 1922, Aug Average, United States, USA
38.1128, 1922, Sep Average, United States, USA
41.4759, 1922, Oct Average, United States, USA
46.3514, 1922, Nov Average, United States, USA
51.7094, 1922, Dec Average, United States, USA
49.4507, 1923, Jan Average, United States, USA
39.5663, 1923, Feb Average, United States, USA
51.4228, 1923, Mar Average, United States, USA
54.4159, 1923, Apr Average, United States, USA
62.0547, 1923, May Average, United States, USA
70.1618, 1923, Jun Average, United States, USA
59.2967, 1923, Jul Average, United States, USA
61.8952, 1923, Aug Average, United States, USA
71.2176, 1923, Sep Average, United States, USA
51.6994, 1923, Oct Average, United States, USA
40.5138, 1923, Nov Average, United States, USA
56.9624, 1923, Dec Average, United States, USA
42.0623, 1924, Jan Average, United States, USA
37.9518, 1924, Feb Average, United States, USA
46.2918, 1924, Mar Average, United States, USA
47.3929, 1924, Apr Average, United States, USA
49.6111, 1924, May Average, United States, USA
60.9001, 1924, Jun Average, United States, USA
59.8307, 1924, Jul Average, United States, USA
60.4462, 1924, Aug Average, United States, USA
65.7219, 1924, Sep Average, United States, USA
36.925, 1924, Oct Average, United States, USA
30.1333, 1924, Nov Average, United States, USA
52.3737, 1924, Dec Average, United States, USA
42.8297, 1925, Jan Average, United States, USA
34.6775, 1925, Feb Average, United States, USA
35.7455, 1925, Mar Average, United States, USA
41.6505, 1925, Apr Average, United States, USA
39.3007, 1925, May Average, United States, USA
64.5685, 1925, Jun Average, United States, USA
62.5508, 1925, Jul Average, United States, USA
52.9251, 1925, Aug Average, United States, USA
75.9089, 1925, Sep Average, United States, USA
63.3018, 1925, Oct Average, United States, USA
48.2012, 1925, Nov Average, United States, USA
35.7739, 1925, Dec Average, United States, USA
48.6397, 1926, Jan Average, United States, USA
40.7013, 1926, Feb Average, United States, USA
45.9866, 1926, Mar Average, United States, USA
43.4787, 1926, Apr Average, United States, USA
46.3866, 1926, May Average, United States, USA
51.6633, 1926, Jun Average, United States, USA
66.3112, 1926, Jul Average, United States, USA
69.7997, 1926, Aug Average, United States, USA
73.9882, 1926, Sep Average, United States, USA
56.1195, 1926, Oct Average, United States, USA
54.6679, 1926, Nov Average, United States, USA
56.0612, 1926, Dec Average, United States, USA
36.9599, 1927, Jan Average, United States, USA
52.8974, 1927, Feb Average, United States, USA
52.8345, 1927, Mar Average, United States, USA
58.7041, 1927, Apr Average, United States, USA
59.2516, 1927, May Average, United States, USA
66.5031, 1927, Jun Average, United States, USA
63.4119, 1927, Jul Average, United States, USA
65.0235, 1927, Aug Average, United States, USA
56.3387, 1927, Sep Average, United States, USA
50.9384, 1927, Oct Average, United States, USA
51.0926, 1927, Nov Average, United States, USA
55.2224, 1927, Dec Average, United States, USA
29.3643, 1928, Jan Average, United States, USA
41.0281, 1928, Feb Average, United States, USA
47.7665, 1928, Mar Average, United States, USA
53.6121, 1928, Apr Average, United States, USA
47.6154, 1928, May Average, United States, USA
86.9719, 1928, Jun Average, United States, USA
73.2211, 1928, Jul Average, United States, USA
74.4093, 1928, Aug Average, United States, USA
55.5722, 1928, Sep Average, United States, USA
48.0228, 1928, Oct Average, United States, USA
46.2682, 1928, Nov Average, United States, USA
39.0284, 1928, Dec Average, United States, USA
50.8093, 1929, Jan Average, United States, USA
44.189, 1929, Feb Average, United States, USA
56.3717, 1929, Mar Average, United States, USA
58.4983, 1929, Apr Average, United States, USA
69.7489, 1929, May Average, United States, USA
58.8162, 1929, Jun Average, United States, USA
64.7849, 1929, Jul Average, United States, USA
47.8528, 1929, Aug Average, United States, USA
64.3254, 1929, Sep Average, United States, USA
57.3728, 1929, Oct Average, United States, USA
45.2323, 1929, Nov Average, United States, USA
43.4949, 1929, Dec Average, United States, USA
50.6701, 1930, Jan Average, United States, USA
35.5497, 1930, Feb Average, United States, USA
44.6027, 1930, Mar Average, United States, USA
36.8614, 1930, Apr Average, United States, USA
62.5461, 1930, May Average, United States, USA
54.972, 1930, Jun Average, United States, USA
50.3371, 1930, Jul Average, United States, USA
62.4485, 1930, Aug Average, United States, USA
57.2209, 1930, Sep Average, United States, USA
48.7195, 1930, Oct Average, United States, USA
48.2818, 1930, Nov Average, United States, USA
32.1558, 1930, Dec Average, United States, USA
32.2915, 1931, Jan Average, United States, USA
37.8574, 1931, Feb Average, United States, USA
44.805, 1931, Mar Average, United States, USA
40.0331, 1931, Apr Average, United States, USA
49.0217, 1931, May Average, United States, USA
49.7873, 1931, Jun Average, United States, USA
63.9851, 1931, Jul Average, United States, USA
64.8776, 1931, Aug Average, United States, USA
51.29, 1931, Sep Average, United States, USA
46.3469, 1931, Oct Average, United States, USA
54.3991, 1931, Nov Average, United States, USA
68.2216, 1931, Dec Average, United States, USA
65.3176, 1932, Jan Average, United States, USA
46.9945, 1932, Feb Average, United States, USA
44.6922, 1932, Mar Average, United States, USA
40.5404, 1932, Apr Average, United States, USA
48.8968, 1932, May Average, United States, USA
68.1685, 1932, Jun Average, United States, USA
62.3509, 1932, Jul Average, United States, USA
73.4514, 1932, Aug Average, United States, USA
54.3219, 1932, Sep Average, United States, USA
54.8274, 1932, Oct Average, United States, USA
39.9082, 1932, Nov Average, United States, USA
57.0083, 1932, Dec Average, United States, USA
46.8488, 1933, Jan Average, United States, USA
39.209, 1933, Feb Average, United States, USA
49.5969, 1933, Mar Average, United States, USA
49.5811, 1933, Apr Average, United States, USA
68.7368, 1933, May Average, United States, USA
37.4554, 1933, Jun Average, United States, USA
56.9185, 1933, Jul Average, United States, USA
66.383, 1933, Aug Average, United States, USA
52.9674, 1933, Sep Average, United States, USA
36.4443, 1933, Oct Average, United States, USA
28.7609, 1933, Nov Average, United States, USA
48.189, 1933, Dec Average, United States, USA
37.5862, 1934, Jan Average, United States, USA
34.1364, 1934, Feb Average, United States, USA
46.2213, 1934, Mar Average, United States, USA
36.9256, 1934, Apr Average, United States, USA
37.202, 1934, May Average, United States, USA
54.3784, 1934, Jun Average, United States, USA
50.2786, 1934, Jul Average, United States, USA
58.398, 1934, Aug Average, United States, USA
61.9779, 1934, Sep Average, United States, USA
40.7546, 1934, Oct Average, United States, USA
56.2761, 1934, Nov Average, United States, USA
44.1398, 1934, Dec Average, United States, USA
50.5374, 1935, Jan Average, United States, USA
38.5155, 1935, Feb Average, United States, USA
56.6416, 1935, Mar Average, United States, USA
52.4668, 1935, Apr Average, United States, USA
72.5556, 1935, May Average, United States, USA
64.3958, 1935, Jun Average, United States, USA
60.9384, 1935, Jul Average, United States, USA
60.4845, 1935, Aug Average, United States, USA
56.2158, 1935, Sep Average, United States, USA
41.07, 1935, Oct Average, United States, USA
47.3463, 1935, Nov Average, United States, USA
36.5023, 1935, Dec Average, United States, USA
54.9008, 1936, Jan Average, United States, USA
51.3775, 1936, Feb Average, United States, USA
44.5802, 1936, Mar Average, United States, USA
39.0056, 1936, Apr Average, United States, USA
45.1375, 1936, May Average, United States, USA
42.013, 1936, Jun Average, United States, USA
56.7742, 1936, Jul Average, United States, USA
56.325, 1936, Aug Average, United States, USA
64.1312, 1936, Sep Average, United States, USA
50.6337, 1936, Oct Average, United States, USA
33.5555, 1936, Nov Average, United States, USA
59.9186, 1936, Dec Average, United States, USA
66.3846, 1937, Jan Average, United States, USA
43.9888, 1937, Feb Average, United States, USA
41.9566, 1937, Mar Average, United States, USA
54.1808, 1937, Apr Average, United States, USA
47.4536, 1937, May Average, United States, USA
66.2949, 1937, Jun Average, United States, USA
59.8308, 1937, Jul Average, United States, USA
65.0496, 1937, Aug Average, United States, USA
47.0956, 1937, Sep Average, United States, USA
55.9643, 1937, Oct Average, United States, USA
44.1311, 1937, Nov Average, United States, USA
47.3682, 1937, Dec Average, United States, USA
43.5232, 1938, Jan Average, United States, USA
48.3801, 1938, Feb Average, United States, USA
63.7556, 1938, Mar Average, United States, USA
52.6809, 1938, Apr Average, United States, USA
65.5314, 1938, May Average, United States, USA
67.156, 1938, Jun Average, United States, USA
74.1293, 1938, Jul Average, United States, USA
56.7212, 1938, Aug Average, United States, USA
60.0823, 1938, Sep Average, United States, USA
31.8412, 1938, Oct Average, United States, USA
44.6187, 1938, Nov Average, United States, USA
37.8086, 1938, Dec Average, United States, USA
49.9183, 1939, Jan Average, United States, USA
57.7954, 1939, Feb Average, United States, USA
42.6316, 1939, Mar Average, United States, USA
43.63, 1939, Apr Average, United States, USA
45.2574, 1939, May Average, United States, USA
72.1658, 1939, Jun Average, United States, USA
58.0927, 1939, Jul Average, United States, USA
66.8188, 1939, Aug Average, United States, USA
43.9732, 1939, Sep Average, United States, USA
39.347, 1939, Oct Average, United States, USA
23.2432, 1939, Nov Average, United States, USA
39.0351, 1939, Dec Average, United States, USA
41.0526, 1940, Jan Average, United States, USA
54.0587, 1940, Feb Average, United States, USA
45.5029, 1940, Mar Average, United States, USA
59.1408, 1940, Apr Average, United States, USA
47.5234, 1940, May Average, United States, USA
63.9486, 1940, Jun Average, United States, USA
56.5953, 1940, Jul Average, United States, USA
68.9684, 1940, Aug Average, United States, USA
52.1009, 1940, Sep Average, United States, USA
41.6811, 1940, Oct Average, United States, USA
57.7797, 1940, Nov Average, United States, USA
58.3877, 1940, Dec Average, United States, USA
41.4332, 1941, Jan Average, United States, USA
36.8325, 1941, Feb Average, United States, USA
42.6063, 1941, Mar Average, United States, USA
59.1145, 1941, Apr Average, United States, USA
55.0533, 1941, May Average, United States, USA
79.5033, 1941, Jun Average, United States, USA
72.3577, 1941, Jul Average, United States, USA
61.262, 1941, Aug Average, United States, USA
67.3753, 1941, Sep Average, United States, USA
76.238, 1941, Oct Average, United States, USA
38.0732, 1941, Nov Average, United States, USA
55.3259, 1941, Dec Average, United States, USA
32.9457, 1942, Jan Average, United States, USA
41.434, 1942, Feb Average, United States, USA
49.6744, 1942, Mar Average, United States, USA
54.1845, 1942, Apr Average, United States, USA
64.2425, 1942, May Average, United States, USA
76.4956, 1942, Jun Average, United States, USA
61.3192, 1942, Jul Average, United States, USA
77.2996, 1942, Aug Average, United States, USA
67.7998, 1942, Sep Average, United States, USA
48.4174, 1942, Oct Average, United States, USA
46.1706, 1942, Nov Average, United States, USA
56.6309, 1942, Dec Average, United States, USA
43.7153, 1943, Jan Average, United States, USA
30.3531, 1943, Feb Average, United States, USA
57.9499, 1943, Mar Average, United States, USA
40.8042, 1943, Apr Average, United States, USA
67.2678, 1943, May Average, United States, USA
69.9747, 1943, Jun Average, United States, USA
61.01, 1943, Jul Average, United States, USA
59.6813, 1943, Aug Average, United States, USA
47.1761, 1943, Sep Average, United States, USA
42.9417, 1943, Oct Average, United States, USA
33.4049, 1943, Nov Average, United States, USA
40.5311, 1943, Dec Average, United States, USA
38.5066, 1944, Jan Average, United States, USA
53.6576, 1944, Feb Average, United States, USA
63.0501, 1944, Mar Average, United States, USA
60.7846, 1944, Apr Average, United States, USA
63.3318, 1944, May Average, United States, USA
65.2689, 1944, Jun Average, United States, USA
56.8655, 1944, Jul Average, United States, USA
74.6386, 1944, Aug Average, United States, USA
56.1251, 1944, Sep Average, United States, USA
34.6476, 1944, Oct Average, United States, USA
52.4359, 1944, Nov Average, United States, USA
44.32, 1944, Dec Average, United States, USA
36.5014, 1945, Jan Average, United States, USA
56.1379, 1945, Feb Average, United States, USA
62.1632, 1945, Mar Average, United States, USA
57.779, 1945, Apr Average, United States, USA
58.4142, 1945, May Average, United States, USA
76.0098, 1945, Jun Average, United States, USA
69.753, 1945, Jul Average, United States, USA
70.5903, 1945, Aug Average, United States, USA
77.9668, 1945, Sep Average, United States, USA
48.7063, 1945, Oct Average, United States, USA
46.2816, 1945, Nov Average, United States, USA
51.4331, 1945, Dec Average, United States, USA
49.8644, 1946, Jan Average, United States, USA
41.49, 1946, Feb Average, United States, USA
53.8264, 1946, Mar Average, United States, USA
33.3007, 1946, Apr Average, United States, USA
74.8717, 1946, May Average, United States, USA
61.9937, 1946, Jun Average, United States, USA
58.1387, 1946, Jul Average, United States, USA
66.9182, 1946, Aug Average, United States, USA
59.5137, 1946, Sep Average, United States, USA
60.5374, 1946, Oct Average, United States, USA
59.6879, 1946, Nov Average, United States, USA
41.8808, 1946, Dec Average, United States, USA
50.9631, 1947, Jan Average, United States, USA
22.8226, 1947, Feb Average, United States, USA
45.8574, 1947, Mar Average, United States, USA
58.8527, 1947, Apr Average, United States, USA
63.2523, 1947, May Average, United States, USA
80.7031, 1947, Jun Average, United States, USA
50.3171, 1947, Jul Average, United States, USA
57.9754, 1947, Aug Average, United States, USA
53.966, 1947, Sep Average, United States, USA
46.5848, 1947, Oct Average, United States, USA
57.6748, 1947, Nov Average, United States, USA
42.2604, 1947, Dec Average, United States, USA
42.302, 1948, Jan Average, United States, USA
48.8138, 1948, Feb Average, United States, USA
61.549, 1948, Mar Average, United States, USA
48.6955, 1948, Apr Average, United States, USA
54.317, 1948, May Average, United States, USA
68.626, 1948, Jun Average, United States, USA
75.2162, 1948, Jul Average, United States, USA
57.2695, 1948, Aug Average, United States, USA
45.9964, 1948, Sep Average, United States, USA
37.2344, 1948, Oct Average, United States, USA
65.3933, 1948, Nov Average, United States, USA
51.7692, 1948, Dec Average, United States, USA
63.8728, 1949, Jan Average, United States, USA
46.4297, 1949, Feb Average, United States, USA
50.7808, 1949, Mar Average, United States, USA
40.3948, 1949, Apr Average, United States, USA
59.8236, 1949, May Average, United States, USA
73.2566, 1949, Jun Average, United States, USA
70.1337, 1949, Jul Average, United States, USA
61.6341, 1949, Aug Average, United States, USA
52.0719, 1949, Sep Average, United States, USA
59.2042, 1949, Oct Average, United States, USA
28.3561, 1949, Nov Average, United States, USA
45.862, 1949, Dec Average, United States, USA
61.2351, 1950, Jan Average, United States, USA
42.2776, 1950, Feb Average, United States, USA
46.8363, 1950, Mar Average, United States, USA
41.9933, 1950, Apr Average, United States, USA
58.1717, 1950, May Average, United States, USA
63.5773, 1950, Jun Average, United States, USA
83.0654, 1950, Jul Average, United States, USA
59.525, 1950, Aug Average, United States, USA
61.061, 1950, Sep Average, United States, USA
38.3767, 1950, Oct Average, United States, USA
42.9889, 1950, Nov Average, United States, USA
40.0998, 1950, Dec Average, United States, USA
46.023, 1951, Jan Average, United States, USA
45.9887, 1951, Feb Average, United States, USA
50.132, 1951, Mar Average, United States, USA
47.1983, 1951, Apr Average, United States, USA
48.1563, 1951, May Average, United States, USA
75.3711, 1951, Jun Average, United States, USA
64.9192, 1951, Jul Average, United States, USA
70.3403, 1951, Aug Average, United States, USA
61.1322, 1951, Sep Average, United States, USA
48.6696, 1951, Oct Average, United States, USA
50.6038, 1951, Nov Average, United States, USA
62.9509, 1951, Dec Average, United States, USA
51.2927, 1952, Jan Average, United States, USA
39.0438, 1952, Feb Average, United States, USA
58.948, 1952, Mar Average, United States, USA
47.422, 1952, Apr Average, United States, USA
54.3607, 1952, May Average, United States, USA
51.4879, 1952, Jun Average, United States, USA
62.223, 1952, Jul Average, United States, USA
65.2672, 1952, Aug Average, United States, USA
38.8999, 1952, Sep Average, United States, USA
20.4052, 1952, Oct Average, United States, USA
46.5613, 1952, Nov Average, United States, USA
48.1344, 1952, Dec Average, United States, USA
48.7101, 1953, Jan Average, United States, USA
43.1994, 1953, Feb Average, United States, USA
50.6994, 1953, Mar Average, United States, USA
56.4185, 1953, Apr Average, United States, USA
64.2976, 1953, May Average, United States, USA
60.7018, 1953, Jun Average, United States, USA
58.8601, 1953, Jul Average, United States, USA
63.5822, 1953, Aug Average, United States, USA
38.5423, 1953, Sep Average, United States, USA
34.0066, 1953, Oct Average, United States, USA
36.1039, 1953, Nov Average, United States, USA
50.1289, 1953, Dec Average, United States, USA
49.0376, 1954, Jan Average, United States, USA
31.7162, 1954, Feb Average, United States, USA
46.6799, 1954, Mar Average, United States, USA
44.9117, 1954, Apr Average, United States, USA
52.753, 1954, May Average, United States, USA
55.3363, 1954, Jun Average, United States, USA
54.4731, 1954, Jul Average, United States, USA
63.8876, 1954, Aug Average, United States, USA
52.2966, 1954, Sep Average, United States, USA
48.8449, 1954, Oct Average, United States, USA
34.6621, 1954, Nov Average, United States, USA
43.3895, 1954, Dec Average, United States, USA
37.5746, 1955, Jan Average, United States, USA
47.8657, 1955, Feb Average, United States, USA
43.2755, 1955, Mar Average, United States, USA
48.5224, 1955, Apr Average, United States, USA
60.5475, 1955, May Average, United States, USA
60.7035, 1955, Jun Average, United States, USA
67.7405, 1955, Jul Average, United States, USA
69.4117, 1955, Aug Average, United States, USA
50.8205, 1955, Sep Average, United States, USA
43.8482, 1955, Oct Average, United States, USA
38.2535, 1955, Nov Average, United States, USA
44.5406, 1955, Dec Average, United States, USA
44.3889, 1956, Jan Average, United States, USA
53.7739, 1956, Feb Average, United States, USA
37.636, 1956, Mar Average, United States, USA
41.4164, 1956, Apr Average, United States, USA
53.8808, 1956, May Average, United States, USA
50.0152, 1956, Jun Average, United States, USA
65.2234, 1956, Jul Average, United States, USA
60.7184, 1956, Aug Average, United States, USA
39.4063, 1956, Sep Average, United States, USA
42.7954, 1956, Oct Average, United States, USA
33.42, 1956, Nov Average, United States, USA
39.307, 1956, Dec Average, United States, USA
45.8711, 1957, Jan Average, United States, USA
42.2946, 1957, Feb Average, United States, USA
47.9107, 1957, Mar Average, United States, USA
66.3989, 1957, Apr Average, United States, USA
80.4954, 1957, May Average, United States, USA
72.6056, 1957, Jun Average, United States, USA
51.3943, 1957, Jul Average, United States, USA
53.5054, 1957, Aug Average, United States, USA
65.3584, 1957, Sep Average, United States, USA
57.6293, 1957, Oct Average, United States, USA
63.1801, 1957, Nov Average, United States, USA
48.025, 1957, Dec Average, United States, USA
45.973, 1958, Jan Average, United States, USA
45.5482, 1958, Feb Average, United States, USA
51.8352, 1958, Mar Average, United States, USA
57.7224, 1958, Apr Average, United States, USA
51.4952, 1958, May Average, United States, USA
70.5936, 1958, Jun Average, United States, USA
84.0302, 1958, Jul Average, United States, USA
59.6635, 1958, Aug Average, United States, USA
61.0214, 1958, Sep Average, United States, USA
37.0035, 1958, Oct Average, United States, USA
45.554, 1958, Nov Average, United States, USA
27.8051, 1958, Dec Average, United States, USA
41.7131, 1959, Jan Average, United States, USA
47.8924, 1959, Feb Average, United States, USA
42.1558, 1959, Mar Average, United States, USA
42.7812, 1959, Apr Average, United States, USA
64.5781, 1959, May Average, United States, USA
54.8737, 1959, Jun Average, United States, USA
73.6245, 1959, Jul Average, United States, USA
67.4559, 1959, Aug Average, United States, USA
61.9479, 1959, Sep Average, United States, USA
69.765, 1959, Oct Average, United States, USA
38.671, 1959, Nov Average, United States, USA
46.0919, 1959, Dec Average, United States, USA
47.8319, 1960, Jan Average, United States, USA
50.0998, 1960, Feb Average, United States, USA
40.0706, 1960, Mar Average, United States, USA
42.9244, 1960, Apr Average, United States, USA
59.1858, 1960, May Average, United States, USA
59.2528, 1960, Jun Average, United States, USA
67.5313, 1960, Jul Average, United States, USA
68.601, 1960, Aug Average, United States, USA
58.4844, 1960, Sep Average, United States, USA
51.2151, 1960, Oct Average, United States, USA
41.6983, 1960, Nov Average, United States, USA
41.2241, 1960, Dec Average, United States, USA
29.9769, 1961, Jan Average, United States, USA
52.9011, 1961, Feb Average, United States, USA
59.5241, 1961, Mar Average, United States, USA
48.6889, 1961, Apr Average, United States, USA
57.7024, 1961, May Average, United States, USA
64.5165, 1961, Jun Average, United States, USA
75.7077, 1961, Jul Average, United States, USA
65.3931, 1961, Aug Average, United States, USA
73.4979, 1961, Sep Average, United States, USA
43.3806, 1961, Oct Average, United States, USA
52.9695, 1961, Nov Average, United States, USA
54.0681, 1961, Dec Average, United States, USA
47.1548, 1962, Jan Average, United States, USA
51.0191, 1962, Feb Average, United States, USA
44.9446, 1962, Mar Average, United States, USA
40.8792, 1962, Apr Average, United States, USA
57.48, 1962, May Average, United States, USA
71.7696, 1962, Jun Average, United States, USA
68.7935, 1962, Jul Average, United States, USA
53.7564, 1962, Aug Average, United States, USA
61.8458, 1962, Sep Average, United States, USA
48.8128, 1962, Oct Average, United States, USA
39.611, 1962, Nov Average, United States, USA
34.007, 1962, Dec Average, United States, USA
37.7692, 1963, Jan Average, United States, USA
35.6294, 1963, Feb Average, United States, USA
56.4434, 1963, Mar Average, United States, USA
47.8822, 1963, Apr Average, United States, USA
48.4755, 1963, May Average, United States, USA
67.7468, 1963, Jun Average, United States, USA
67.7061, 1963, Jul Average, United States, USA
65.9295, 1963, Aug Average, United States, USA
49.2557, 1963, Sep Average, United States, USA
26.624, 1963, Oct Average, United States, USA
49.7263, 1963, Nov Average, United States, USA
33.4229, 1963, Dec Average, United States, USA
45.8966, 1964, Jan Average, United States, USA
36.3746, 1964, Feb Average, United States, USA
55.6789, 1964, Mar Average, United States, USA
65.8824, 1964, Apr Average, United States, USA
47.9061, 1964, May Average, United States, USA
62.608, 1964, Jun Average, United States, USA
57.6873, 1964, Jul Average, United States, USA
67.1454, 1964, Aug Average, United States, USA
55.0807, 1964, Sep Average, United States, USA
32.4826, 1964, Oct Average, United States, USA
49.26, 1964, Nov Average, United States, USA
61.7358, 1964, Dec Average, United States, USA
46.5773, 1965, Jan Average, United States, USA
43.0739, 1965, Feb Average, United States, USA
46.5344, 1965, Mar Average, United States, USA
51.9657, 1965, Apr Average, United States, USA
57.0029, 1965, May Average, United States, USA
71.1516, 1965, Jun Average, United States, USA
64.4454, 1965, Jul Average, United States, USA
70.982, 1965, Aug Average, United States, USA
84.0879, 1965, Sep Average, United States, USA
34.7748, 1965, Oct Average, United States, USA
43.2133, 1965, Nov Average, United States, USA
45.9111, 1965, Dec Average, United States, USA
44.0359, 1966, Jan Average, United States, USA
47.4738, 1966, Feb Average, United States, USA
33.4798, 1966, Mar Average, United States, USA
47.5638, 1966, Apr Average, United States, USA
46.3944, 1966, May Average, United States, USA
50.0747, 1966, Jun Average, United States, USA
58.6368, 1966, Jul Average, United States, USA
71.7595, 1966, Aug Average, United States, USA
53.7472, 1966, Sep Average, United States, USA
38.8561, 1966, Oct Average, United States, USA
43.9386, 1966, Nov Average, United States, USA
49.5401, 1966, Dec Average, United States, USA
42.2603, 1967, Jan Average, United States, USA
30.1316, 1967, Feb Average, United States, USA
43.0461, 1967, Mar Average, United States, USA
56.2021, 1967, Apr Average, United States, USA
59.1789, 1967, May Average, United States, USA
77.5287, 1967, Jun Average, United States, USA
72.4969, 1967, Jul Average, United States, USA
64.2098, 1967, Aug Average, United States, USA
53.4898, 1967, Sep Average, United States, USA
46.5681, 1967, Oct Average, United States, USA
40.4707, 1967, Nov Average, United States, USA
62.7008, 1967, Dec Average, United States, USA
44.8026, 1968, Jan Average, United States, USA
31.5855, 1968, Feb Average, United States, USA
42.3451, 1968, Mar Average, United States, USA
48.887, 1968, Apr Average, United States, USA
68.0033, 1968, May Average, United States, USA
67.1723, 1968, Jun Average, United States, USA
59.973, 1968, Jul Average, United States, USA
65.3082, 1968, Aug Average, United States, USA
50.8872, 1968, Sep Average, United States, USA
43.9141, 1968, Oct Average, United States, USA
54.9072, 1968, Nov Average, United States, USA
55.5307, 1968, Dec Average, United States, USA
56.8493, 1969, Jan Average, United States, USA
43.6191, 1969, Feb Average, United States, USA
37.509, 1969, Mar Average, United States, USA
49.358, 1969, Apr Average, United States, USA
53.8146, 1969, May Average, United States, USA
68.2114, 1969, Jun Average, United States, USA
72.3861, 1969, Jul Average, United States, USA
55.7079, 1969, Aug Average, United States, USA
46.7536, 1969, Sep Average, United States, USA
55.2817, 1969, Oct Average, United States, USA
35.2041, 1969, Nov Average, United States, USA
59.1009, 1969, Dec Average, United States, USA
39.383, 1970, Jan Average, United States, USA
33.8097, 1970, Feb Average, United States, USA
52.0228, 1970, Mar Average, United States, USA
55.2677, 1970, Apr Average, United States, USA
53.581, 1970, May Average, United States, USA
61.6703, 1970, Jun Average, United States, USA
58.6781, 1970, Jul Average, United States, USA
57.0678, 1970, Aug Average, United States, USA
65.5125, 1970, Sep Average, United States, USA
61.7407, 1970, Oct Average, United States, USA
46.9431, 1970, Nov Average, United States, USA
48.3486, 1970, Dec Average, United States, USA
38.955, 1971, Jan Average, United States, USA
48.5407, 1971, Feb Average, United States, USA
39.672, 1971, Mar Average, United States, USA
36.6732, 1971, Apr Average, United States, USA
59.3402, 1971, May Average, United States, USA
55.3996, 1971, Jun Average, United States, USA
71.1134, 1971, Jul Average, United States, USA
64.7723, 1971, Aug Average, United States, USA
63.9143, 1971, Sep Average, United States, USA
60.779, 1971, Oct Average, United States, USA
42.0312, 1971, Nov Average, United States, USA
66.8862, 1971, Dec Average, United States, USA
45.3927, 1972, Jan Average, United States, USA
33.8647, 1972, Feb Average, United States, USA
42.6062, 1972, Mar Average, United States, USA
45.0752, 1972, Apr Average, United States, USA
59.4613, 1972, May Average, United States, USA
66.5448, 1972, Jun Average, United States, USA
62.8724, 1972, Jul Average, United States, USA
61.8472, 1972, Aug Average, United States, USA
63.7927, 1972, Sep Average, United States, USA
62.902, 1972, Oct Average, United States, USA
60.5391, 1972, Nov Average, United States, USA
59.5535, 1972, Dec Average, United States, USA
50.1358, 1973, Jan Average, United States, USA
38.7587, 1973, Feb Average, United States, USA
78.0159, 1973, Mar Average, United States, USA
63.4511, 1973, Apr Average, United States, USA
60.6635, 1973, May Average, United States, USA
65.37, 1973, Jun Average, United States, USA
67.4876, 1973, Jul Average, United States, USA
56.8895, 1973, Aug Average, United States, USA
72.8302, 1973, Sep Average, United States, USA
51.7337, 1973, Oct Average, United States, USA
61.2229, 1973, Nov Average, United States, USA
59.6947, 1973, Dec Average, United States, USA
58.3673, 1974, Jan Average, United States, USA
35.3876, 1974, Feb Average, United States, USA
50.0226, 1974, Mar Average, United States, USA
49.396, 1974, Apr Average, United States, USA
60.0804, 1974, May Average, United States, USA
58.2214, 1974, Jun Average, United States, USA
54.129, 1974, Jul Average, United States, USA
75.7268, 1974, Aug Average, United States, USA
58.34, 1974, Sep Average, United States, USA
49.019, 1974, Oct Average, United States, USA
46.9561, 1974, Nov Average, United States, USA
49.6555, 1974, Dec Average, United States, USA
52.678, 1975, Jan Average, United States, USA
50.9915, 1975, Feb Average, United States, USA
64.8021, 1975, Mar Average, United States, USA
54.5319, 1975, Apr Average, United States, USA
64.7402, 1975, May Average, United States, USA
73.2393, 1975, Jun Average, United States, USA
69.1824, 1975, Jul Average, United States, USA
64.201, 1975, Aug Average, United States, USA
63.1419, 1975, Sep Average, United States, USA
48.2367, 1975, Oct Average, United States, USA
45.1648, 1975, Nov Average, United States, USA
43.2309, 1975, Dec Average, United States, USA
37.6291, 1976, Jan Average, United States, USA
38.8567, 1976, Feb Average, United States, USA
53.2794, 1976, Mar Average, United States, USA
45.2296, 1976, Apr Average, United States, USA
59.0533, 1976, May Average, United States, USA
58.6672, 1976, Jun Average, United States, USA
61.542, 1976, Jul Average, United States, USA
47.9839, 1976, Aug Average, United States, USA
56.0792, 1976, Sep Average, United States, USA
51.1474, 1976, Oct Average, United States, USA
29.2848, 1976, Nov Average, United States, USA
31.3774, 1976, Dec Average, United States, USA
34.3515, 1977, Jan Average, United States, USA
27.5834, 1977, Feb Average, United States, USA
62.0047, 1977, Mar Average, United States, USA
48.0853, 1977, Apr Average, United States, USA
56.5014, 1977, May Average, United States, USA
57.4897, 1977, Jun Average, United States, USA
54.9324, 1977, Jul Average, United States, USA
76.1562, 1977, Aug Average, United States, USA
78.3277, 1977, Sep Average, United States, USA
49.1637, 1977, Oct Average, United States, USA
53.9028, 1977, Nov Average, United States, USA
53.4418, 1977, Dec Average, United States, USA
60.9621, 1978, Jan Average, United States, USA
36.3809, 1978, Feb Average, United States, USA
44.2843, 1978, Mar Average, United States, USA
50.383, 1978, Apr Average, United States, USA
72.1525, 1978, May Average, United States, USA
62.1107, 1978, Jun Average, United States, USA
61.4998, 1978, Jul Average, United States, USA
61.5846, 1978, Aug Average, United States, USA
55.6175, 1978, Sep Average, United States, USA
31.419, 1978, Oct Average, United States, USA
55.1659, 1978, Nov Average, United States, USA
56.1544, 1978, Dec Average, United States, USA
64.6201, 1979, Jan Average, United States, USA
48.0352, 1979, Feb Average, United States, USA
58.6429, 1979, Mar Average, United States, USA
61.888, 1979, Apr Average, United States, USA
62.0621, 1979, May Average, United States, USA
59.6639, 1979, Jun Average, United States, USA
75.8845, 1979, Jul Average, United States, USA
67.8551, 1979, Aug Average, United States, USA
54.3369, 1979, Sep Average, United States, USA
50.2979, 1979, Oct Average, United States, USA
56.5396, 1979, Nov Average, United States, USA
40.4351, 1979, Dec Average, United States, USA
53.8617, 1980, Jan Average, United States, USA
40.3568, 1980, Feb Average, United States, USA
65.2979, 1980, Mar Average, United States, USA
46.829, 1980, Apr Average, United States, USA
61.3663, 1980, May Average, United States, USA
58.9743, 1980, Jun Average, United States, USA
54.5803, 1980, Jul Average, United States, USA
63.1817, 1980, Aug Average, United States, USA
60.8332, 1980, Sep Average, United States, USA
43.8798, 1980, Oct Average, United States, USA
37.3298, 1980, Nov Average, United States, USA
32.3623, 1980, Dec Average, United States, USA
25.0369, 1981, Jan Average, United States, USA
46.3354, 1981, Feb Average, United States, USA
44.5469, 1981, Mar Average, United States, USA
43.1698, 1981, Apr Average, United States, USA
69.1921, 1981, May Average, United States, USA
74.6404, 1981, Jun Average, United States, USA
80.0068, 1981, Jul Average, United States, USA
69.2644, 1981, Aug Average, United States, USA
47.4064, 1981, Sep Average, United States, USA
65.3694, 1981, Oct Average, United States, USA
45.131, 1981, Nov Average, United States, USA
47.4656, 1981, Dec Average, United States, USA
56.9171, 1982, Jan Average, United States, USA
43.5185, 1982, Feb Average, United States, USA
53.7608, 1982, Mar Average, United States, USA
49.2836, 1982, Apr Average, United States, USA
69.2508, 1982, May Average, United States, USA
73.4959, 1982, Jun Average, United States, USA
73.1797, 1982, Jul Average, United States, USA
60.4357, 1982, Aug Average, United States, USA
65.168, 1982, Sep Average, United States, USA
53.149, 1982, Oct Average, United States, USA
60.5237, 1982, Nov Average, United States, USA
73.0294, 1982, Dec Average, United States, USA
41.4771, 1983, Jan Average, United States, USA
50.3904, 1983, Feb Average, United States, USA
68.1995, 1983, Mar Average, United States, USA
65.9335, 1983, Apr Average, United States, USA
68.9711, 1983, May Average, United States, USA
62.2911, 1983, Jun Average, United States, USA
51.4966, 1983, Jul Average, United States, USA
64.4383, 1983, Aug Average, United States, USA
54.4979, 1983, Sep Average, United States, USA
57.9304, 1983, Oct Average, United States, USA
75.9502, 1983, Nov Average, United States, USA
65.5861, 1983, Dec Average, United States, USA
30.9946, 1984, Jan Average, United States, USA
42.7798, 1984, Feb Average, United States, USA
52.573, 1984, Mar Average, United States, USA
57.8574, 1984, Apr Average, United States, USA
61.8908, 1984, May Average, United States, USA
64.9994, 1984, Jun Average, United States, USA
68.7819, 1984, Jul Average, United States, USA
62.8096, 1984, Aug Average, United States, USA
41.9659, 1984, Sep Average, United States, USA
70.9758, 1984, Oct Average, United States, USA
54.8794, 1984, Nov Average, United States, USA
54.8244, 1984, Dec Average, United States, USA
33.609, 1985, Jan Average, United States, USA
43.1654, 1985, Feb Average, United States, USA
53.8881, 1985, Mar Average, United States, USA
38.2951, 1985, Apr Average, United States, USA
54.1014, 1985, May Average, United States, USA
62.322, 1985, Jun Average, United States, USA
59.136, 1985, Jul Average, United States, USA
70.1709, 1985, Aug Average, United States, USA
75.2298, 1985, Sep Average, United States, USA
66.9486, 1985, Oct Average, United States, USA
70.2904, 1985, Nov Average, United States, USA
34.4826, 1985, Dec Average, United States, USA
32.1019, 1986, Jan Average, United States, USA
53.0988, 1986, Feb Average, United States, USA
40.1786, 1986, Mar Average, United States, USA
44.9954, 1986, Apr Average, United States, USA
57.8727, 1986, May Average, United States, USA
64.2764, 1986, Jun Average, United States, USA
68.1547, 1986, Jul Average, United States, USA
69.3194, 1986, Aug Average, United States, USA
83.4594, 1986, Sep Average, United States, USA
62.0504, 1986, Oct Average, United States, USA
60.6437, 1986, Nov Average, United States, USA
44.0542, 1986, Dec Average, United States, USA
46.726, 1987, Jan Average, United States, USA
46.7525, 1987, Feb Average, United States, USA
51.1, 1987, Mar Average, United States, USA
29.5908, 1987, Apr Average, United States, USA
65.633, 1987, May Average, United States, USA
62.6274, 1987, Jun Average, United States, USA
67.0096, 1987, Jul Average, United States, USA
61.6483, 1987, Aug Average, United States, USA
55.5575, 1987, Sep Average, United States, USA
30.2674, 1987, Oct Average, United States, USA
54.5005, 1987, Nov Average, United States, USA
60.1502, 1987, Dec Average, United States, USA
39.5305, 1988, Jan Average, United States, USA
33.2743, 1988, Feb Average, United States, USA
42.4367, 1988, Mar Average, United States, USA
46.562, 1988, Apr Average, United States, USA
47.4707, 1988, May Average, United States, USA
40.6431, 1988, Jun Average, United States, USA
59.871, 1988, Jul Average, United States, USA
66.466, 1988, Aug Average, United States, USA
60.9676, 1988, Sep Average, United States, USA
34.9502, 1988, Oct Average, United States, USA
62.5202, 1988, Nov Average, United States, USA
39.8233, 1988, Dec Average, United States, USA
43.3127, 1989, Jan Average, United States, USA
43.2353, 1989, Feb Average, United States, USA
54.5678, 1989, Mar Average, United States, USA
38.244, 1989, Apr Average, United States, USA
69.5261, 1989, May Average, United States, USA
81.5439, 1989, Jun Average, United States, USA
69.3395, 1989, Jul Average, United States, USA
69.7445, 1989, Aug Average, United States, USA
66.5856, 1989, Sep Average, United States, USA
44.4291, 1989, Oct Average, United States, USA
38.4846, 1989, Nov Average, United States, USA
33.532, 1989, Dec Average, United States, USA
56.2901, 1990, Jan Average, United States, USA
55.1431, 1990, Feb Average, United States, USA
56.9495, 1990, Mar Average, United States, USA
48.2764, 1990, Apr Average, United States, USA
75.6672, 1990, May Average, United States, USA
57.4441, 1990, Jun Average, United States, USA
71.7947, 1990, Jul Average, United States, USA
67.5991, 1990, Aug Average, United States, USA
56.2822, 1990, Sep Average, United States, USA
59.2724, 1990, Oct Average, United States, USA
45.2312, 1990, Nov Average, United States, USA
60.9142, 1990, Dec Average, United States, USA
44.9033, 1991, Jan Average, United States, USA
34.3126, 1991, Feb Average, United States, USA
68.3717, 1991, Mar Average, United States, USA
62.5099, 1991, Apr Average, United States, USA
72.9402, 1991, May Average, United States, USA
60.8318, 1991, Jun Average, United States, USA
63.5508, 1991, Jul Average, United States, USA
60.3199, 1991, Aug Average, United States, USA
58.3996, 1991, Sep Average, United States, USA
47.8025, 1991, Oct Average, United States, USA
51.9884, 1991, Nov Average, United States, USA
56.2354, 1991, Dec Average, United States, USA
43.8486, 1992, Jan Average, United States, USA
46.8692, 1992, Feb Average, United States, USA
51.8, 1992, Mar Average, United States, USA
40.3114, 1992, Apr Average, United States, USA
47.3517, 1992, May Average, United States, USA
75.3149, 1992, Jun Average, United States, USA
83.0048, 1992, Jul Average, United States, USA
69.9358, 1992, Aug Average, United States, USA
54.2491, 1992, Sep Average, United States, USA
37.2617, 1992, Oct Average, United States, USA
69.0913, 1992, Nov Average, United States, USA
58.7605, 1992, Dec Average, United States, USA
66.8696, 1993, Jan Average, United States, USA
45.2125, 1993, Feb Average, United States, USA
55.4353, 1993, Mar Average, United States, USA
54.665, 1993, Apr Average, United States, USA
59.3179, 1993, May Average, United States, USA
77.0064, 1993, Jun Average, United States, USA
65.6151, 1993, Jul Average, United States, USA
70.842, 1993, Aug Average, United States, USA
69.7481, 1993, Sep Average, United States, USA
50.4022, 1993, Oct Average, United States, USA
49.9862, 1993, Nov Average, United States, USA
42.0945, 1993, Dec Average, United States, USA
46.2992, 1994, Jan Average, United States, USA
41.8554, 1994, Feb Average, United States, USA
51.1538, 1994, Mar Average, United States, USA
54.5606, 1994, Apr Average, United States, USA
49.9343, 1994, May Average, United States, USA
64.4703, 1994, Jun Average, United States, USA
70.023, 1994, Jul Average, United States, USA
66.6114, 1994, Aug Average, United States, USA
50.5669, 1994, Sep Average, United States, USA
59.6839, 1994, Oct Average, United States, USA
63.9721, 1994, Nov Average, United States, USA
47.4549, 1994, Dec Average, United States, USA
59.7257, 1995, Jan Average, United States, USA
32.5655, 1995, Feb Average, United States, USA
56.8964, 1995, Mar Average, United States, USA
54.6662, 1995, Apr Average, United States, USA
82.0112, 1995, May Average, United States, USA
71.0042, 1995, Jun Average, United States, USA
64.6036, 1995, Jul Average, United States, USA
63.8414, 1995, Aug Average, United States, USA
52.005, 1995, Sep Average, United States, USA
54.0717, 1995, Oct Average, United States, USA
43.7583, 1995, Nov Average, United States, USA
43.6976, 1995, Dec Average, United States, USA
54.3966, 1996, Jan Average, United States, USA
44.4721, 1996, Feb Average, United States, USA
45.2559, 1996, Mar Average, United States, USA
48.9061, 1996, Apr Average, United States, USA
65.4064, 1996, May Average, United States, USA
63.5212, 1996, Jun Average, United States, USA
70.6165, 1996, Jul Average, United States, USA
62.5555, 1996, Aug Average, United States, USA
73.165, 1996, Sep Average, United States, USA
51.7289, 1996, Oct Average, United States, USA
60.3626, 1996, Nov Average, United States, USA
60.7229, 1996, Dec Average, United States, USA
55.7516, 1997, Jan Average, United States, USA
47.9717, 1997, Feb Average, United States, USA
44.8114, 1997, Mar Average, United States, USA
54.9884, 1997, Apr Average, United States, USA
57.0649, 1997, May Average, United States, USA
71.3211, 1997, Jun Average, United States, USA
61.903, 1997, Jul Average, United States, USA
69.1187, 1997, Aug Average, United States, USA
57.7671, 1997, Sep Average, United States, USA
51.8499, 1997, Oct Average, United States, USA
48.7373, 1997, Nov Average, United States, USA
47.258, 1997, Dec Average, United States, USA
63.6038, 1998, Jan Average, United States, USA
61.215, 1998, Feb Average, United States, USA
63.2779, 1998, Mar Average, United States, USA
52.0032, 1998, Apr Average, United States, USA
54.3208, 1998, May Average, United States, USA
76.2272, 1998, Jun Average, United States, USA
70.6442, 1998, Jul Average, United States, USA
66.6957, 1998, Aug Average, United States, USA
57.1607, 1998, Sep Average, United States, USA
62.7869, 1998, Oct Average, United States, USA
50.5666, 1998, Nov Average, United States, USA
41.1999, 1998, Dec Average, United States, USA
62.4591, 1999, Jan Average, United States, USA
36.9806, 1999, Feb Average, United States, USA
42.7364, 1999, Mar Average, United States, USA
56.447, 1999, Apr Average, United States, USA
60.2647, 1999, May Average, United States, USA
74.2712, 1999, Jun Average, United States, USA
64.9352, 1999, Jul Average, United States, USA
59.7189, 1999, Aug Average, United States, USA
59.311, 1999, Sep Average, United States, USA
37.0606, 1999, Oct Average, United States, USA
30.2973, 1999, Nov Average, United States, USA
38.9802, 1999, Dec Average, United States, USA
46.6615, 2000, Jan Average, United States, USA
44.0437, 2000, Feb Average, United States, USA
49.2126, 2000, Mar Average, United States, USA
45.9571, 2000, Apr Average, United States, USA
54.2021, 2000, May Average, United States, USA
73.2427, 2000, Jun Average, United States, USA
61.7354, 2000, Jul Average, United States, USA
54.6876, 2000, Aug Average, United States, USA
56.4789, 2000, Sep Average, United States, USA
49.3667, 2000, Oct Average, United States, USA
56.626, 2000, Nov Average, United States, USA
35.7163, 2000, Dec Average, United States, USA
41.186, 2001, Jan Average, United States, USA
49.1122, 2001, Feb Average, United States, USA
50.3375, 2001, Mar Average, United States, USA
43.9325, 2001, Apr Average, United States, USA
55.8475, 2001, May Average, United States, USA
63.3042, 2001, Jun Average, United States, USA
71.4991, 2001, Jul Average, United States, USA
62.0058, 2001, Aug Average, United States, USA
54.5477, 2001, Sep Average, United States, USA
47.4617, 2001, Oct Average, United States, USA
45.2594, 2001, Nov Average, United States, USA
45.9422, 2001, Dec Average, United States, USA
43.5913, 2002, Jan Average, United States, USA
27.4338, 2002, Feb Average, United States, USA
49.514, 2002, Mar Average, United States, USA
46.168, 2002, Apr Average, United States, USA
54.1303, 2002, May Average, United States, USA
55.5973, 2002, Jun Average, United States, USA
61.3301, 2002, Jul Average, United States, USA
61.3522, 2002, Aug Average, United States, USA
66.347, 2002, Sep Average, United States, USA
63.5794, 2002, Oct Average, United States, USA
39.5613, 2002, Nov Average, United States, USA
58.0845, 2002, Dec Average, United States, USA
27.4796, 2003, Jan Average, United States, USA
52.7095, 2003, Feb Average, United States, USA
47.6297, 2003, Mar Average, United States, USA
50.6544, 2003, Apr Average, United States, USA
67.1961, 2003, May Average, United States, USA
73.0244, 2003, Jun Average, United States, USA
64.5441, 2003, Jul Average, United States, USA
64.8497, 2003, Aug Average, United States, USA
61.27, 2003, Sep Average, United States, USA
40.6255, 2003, Oct Average, United States, USA
56.8017, 2003, Nov Average, United States, USA
51.0576, 2003, Dec Average, United States, USA
39.4653, 2004, Jan Average, United States, USA
47.7099, 2004, Feb Average, United States, USA
41.4469, 2004, Mar Average, United States, USA
48.3192, 2004, Apr Average, United States, USA
69.7316, 2004, May Average, United States, USA
71.9222, 2004, Jun Average, United States, USA
68.4233, 2004, Jul Average, United States, USA
64.4608, 2004, Aug Average, United States, USA
68.991, 2004, Sep Average, United States, USA
64.3064, 2004, Oct Average, United States, USA
65.6162, 2004, Nov Average, United States, USA
48.7183, 2004, Dec Average, United States, USA
55.5486, 2005, Jan Average, United States, USA
43.2915, 2005, Feb Average, United States, USA
46.5282, 2005, Mar Average, United States, USA
49.209, 2005, Apr Average, United States, USA
57.4985, 2005, May Average, United States, USA
69.5348, 2005, Jun Average, United States, USA
62.827, 2005, Jul Average, United States, USA
69.3401, 2005, Aug Average, United States, USA
57.4564, 2005, Sep Average, United States, USA
49.9828, 2005, Oct Average, United States, USA
47.6027, 2005, Nov Average, United States, USA
48.2116, 2005, Dec Average, United States, USA
50.2136, 2006, Jan Average, United States, USA
32.7462, 2006, Feb Average, United States, USA
46.7237, 2006, Mar Average, United States, USA
52.741, 2006, Apr Average, United States, USA
47.1999, 2006, May Average, United States, USA
60.4808, 2006, Jun Average, United States, USA
58.899, 2006, Jul Average, United States, USA
71.3216, 2006, Aug Average, United States, USA
63.8767, 2006, Sep Average, United States, USA
62.7933, 2006, Oct Average, United States, USA
47.253, 2006, Nov Average, United States, USA
51.8906, 2006, Dec Average, United States, USA
46.2211, 2007, Jan Average, United States, USA
33.8129, 2007, Feb Average, United States, USA
45.3058, 2007, Mar Average, United States, USA
47.975, 2007, Apr Average, United States, USA
55.2243, 2007, May Average, United States, USA
62.7555, 2007, Jun Average, United States, USA
66.7068, 2007, Jul Average, United States, USA
58.9464, 2007, Aug Average, United States, USA
56.9789, 2007, Sep Average, United States, USA
58.6687, 2007, Oct Average, United States, USA
32.1629, 2007, Nov Average, United States, USA
59.0475, 2007, Dec Average, United States, USA
46.0196, 2008, Jan Average, United States, USA
48.9521, 2008, Feb Average, United States, USA
50.2697, 2008, Mar Average, United States, USA
52.8545, 2008, Apr Average, United States, USA
59.9574, 2008, May Average, United States, USA
68.5106, 2008, Jun Average, United States, USA
73.1963, 2008, Jul Average, United States, USA
63.4981, 2008, Aug Average, United States, USA
60.4252, 2008, Sep Average, United States, USA
48.0595, 2008, Oct Average, United States, USA
41.1999, 2008, Nov Average, United States, USA
57.2156, 2008, Dec Average, United States, USA
37.5391, 2009, Jan Average, United States, USA
35.2346, 2009, Feb Average, United States, USA
55.799, 2009, Mar Average, United States, USA
55.2621, 2009, Apr Average, United States, USA
63.3077, 2009, May Average, United States, USA
64.8026, 2009, Jun Average, United States, USA
66.0239, 2009, Jul Average, United States, USA
66.0243, 2009, Aug Average, United States, USA
55.0799, 2009, Sep Average, United States, USA
83.8511, 2009, Oct Average, United States, USA
35.0367, 2009, Nov Average, United States, USA
57.9728, 2009, Dec Average, United States, USA
50.1073, 2010, Jan Average, United States, USA
39.7066, 2010, Feb Average, United States, USA
44.9993, 2010, Mar Average, United States, USA
46.7279, 2010, Apr Average, United States, USA
63.829, 2010, May Average, United States, USA
77.4315, 2010, Jun Average, United States, USA
79.1638, 2010, Jul Average, United States, USA
60.0104, 2010, Aug Average, United States, USA
61.7539, 2010, Sep Average, United States, USA
43.3109, 2010, Oct Average, United States, USA
49.9228, 2010, Nov Average, United States, USA
48.2696, 2010, Dec Average, United States, USA
37.7097, 2011, Jan Average, United States, USA
47.9114, 2011, Feb Average, United States, USA
55.2078, 2011, Mar Average, United States, USA
60.9045, 2011, Apr Average, United States, USA
68.7347, 2011, May Average, United States, USA
61.7101, 2011, Jun Average, United States, USA
65.3191, 2011, Jul Average, United States, USA
63.2531, 2011, Aug Average, United States, USA
56.3247, 2011, Sep Average, United States, USA
48.5659, 2011, Oct Average, United States, USA
55.0272, 2011, Nov Average, United States, USA
52.0984, 2011, Dec Average, United States, USA
45.2091, 2012, Jan Average, United States, USA
42.0856, 2012, Feb Average, United States, USA
54.5437, 2012, Mar Average, United States, USA
47.1964, 2012, Apr Average, United States, USA
53.6345, 2012, May Average, United States, USA
52.7599, 2012, Jun Average, United States, USA
65.3631, 2012, Jul Average, United States, USA
60.4901, 2012, Aug Average, United States, USA
64.6342, 2012, Sep Average, United States, USA
49.9481, 2012, Oct Average, United States, USA
32.7749, 2012, Nov Average, United States, USA
57.2314, 2012, Dec Average, United States, USA
51.3893, 2013, Jan Average, United States, USA
43.3208, 2013, Feb Average, United States, USA
36.5724, 2013, Mar Average, United States, USA
59.1822, 2013, Apr Average, United States, USA
76.685, 2013, May Average, United States, USA
74.4441, 2013, Jun Average, United States, USA
72.8661, 2013, Jul Average, United States, USA
62.497, 2013, Aug Average, United States, USA
71.4552, 2013, Sep Average, United States, USA
57.5449, 2013, Oct Average, United States, USA
45.8604, 2013, Nov Average, United States, USA
50.0654, 2013, Dec Average, United States, USA
35.9334, 2014, Jan Average, United States, USA
44.1704, 2014, Feb Average, United States, USA
45.5822, 2014, Mar Average, United States, USA
58.9449, 2014, Apr Average, United States, USA
56.7906, 2014, May Average, United States, USA
87.2467, 2014, Jun Average, United States, USA
69.0037, 2014, Jul Average, United States, USA
73.7372, 2014, Aug Average, United States, USA
63.0291, 2014, Sep Average, United States, USA
49.6504, 2014, Oct Average, United States, USA
43.6604, 2014, Nov Average, United States, USA
56.6344, 2014, Dec Average, United States, USA
41.7446, 2015, Jan Average, United States, USA
39.1029, 2015, Feb Average, United States, USA
42.4868, 2015, Mar Average, United States, USA
60.7797, 2015, Apr Average, United States, USA
79.9194, 2015, May Average, United States, USA
74.8854, 2015, Jun Average, United States, USA
79.2859, 2015, Jul Average, United States, USA
69.0451, 2015, Aug Average, United States, USA
62.1173, 2015, Sep Average, United States, USA
63.3306, 2015, Oct Average, United States, USA
73.3146, 2015, Nov Average, United States, USA
75.5786, 2015, Dec Average, United States, USA
43.6511, 2016, Jan Average, United States, USA
39.3315, 2016, Feb Average, United States, USA
57.8384, 2016, Mar Average, United States, USA
62.4738, 2016, Apr Average, United States, USA
62.6488, 2016, May Average, United States, USA
58.424, 2016, Jun Average, United States, USA
75.4868, 2016, Jul Average, United States, USA
76.3893, 2016, Aug Average, United States, USA
65.7572, 2016, Sep Average, United States, USA
46.5429, 2016, Oct Average, United States, USA
40.0601, 2016, Nov Average, United States, USA
56.1632, 2016, Dec Average, United States, USA
